Indicator Name,Indicator Code,Indicator Code,1960,1961,1962,1963,1964,1965,1966,1967,1968,1969,1970,1971,1972,1973,1974,1975,1976,1977,1978,1979,1980,1981,1982,1983,1984,1985,1986,1987,1988,1989,1990,1991,1992,1993,1994,1995,1996,1997,1998,1999,2000,2001,2002,2003,2004,2005,2006,2007,2008,2009,2010,2011,2012,2013,2014,2015,2016,2017
Households and NPISHs Final consumption expenditure (current US$),NE.CON.PRVT.CD,NE,30128361361.6053,33174912665.5293,34068567714.6803,34291981476.9681,36136160532.9434,38650580875.7819,41477780485.8234,43931269802.5835,43732228450.7271,45807945405.8006,49021041514.3391,51263303274.0271,59427197006.8148,72006635166.3818,74801142157.8625,82186256586.7298,81822396208.9214,88696307460.4371,71508130081.3008,87563661930.4348,97370124175,104267103924.603,109432031839.695,123407560586.207,131769541357.143,157396017176.871,153435351014.493,135596414426.009,154982373588.477,177691703627.53,180402259323.136,183701598191.638,193284465832.025,195680898532.657,248832079353.035,336173680299.855,404853639223.257,441823973331.082,468913186002.102,506322895757.583,567594874654.523,612639482396.008,665414641791.712,716972420065.241,804501195756.814,918106565716.413,1054996213393.28,1311775187717.38,1659853733042.15,1854098641758.64,2157327761512.78,2732058981669.89,3145236811683.54,3546959268719.13,3947972254777.48,4271057368125.25,4416330141265.71,4697723209281.23
General government final consumption expenditure (% of GDP),NE.CON.GOVT.ZS,NE,12.985511189715,14.476994238416,12.6484254001033,13.6265320836337,12.8580175522144,11.9434832756632,12.1882776512945,10.8237654665032,11.0372111690843,11.8081744980124,11.0935649427556,12.0436322194636,12.1493496317192,11.5666497351426,12.1158538741734,11.8078631353841,12.7484440875326,12.6153846153846,12.8791047733731,13.7616851672311,13.7321046367666,13.1647422455143,13.1848914648961,13.9288244856383,15.042738059959,14.1829533750102,13.8148855811302,13.0687397087028,12.4562313640848,13.1279499221544,13.5983569313068,13.9495208530799,14.3883693222418,14.2978980751091,14.0348135916907,13.2459759904053,13.1262252350295,13.6515278109384,14.8348161464759,16.2389804771515,16.6333456260477,16.0899966654975,15.6031770825526,14.6768767081274,13.9020205425751,13.9950445247524,13.9490063913215,13.4832720132676,13.1849702621346,13.1967489778496,12.8175818830547,13.1800561643196,13.4308719131554,13.5365074501524,13.3193078819395,13.9737499694184,14.3180630248573,14.2595112960765
General government final consumption expenditure (current US$),NE.CON.GOVT.CD,NE,7754488585.58778,7246730034.93379,5971240555.69096,6909578357.29954,7677309285.88837,8412543667.23536,9350881468.84394,7888536842.96043,7819481680.07149,9411812494.92241,10272970996.8316,12019660411.0813,13812302347.3342,16024932140.3438,17468896593.9221,19297773954.1886,19625012877.305,22069114005.8133,19259510235.7724,24534414117.3913,26248809745.8333,25785304392.8571,27040854332.0611,32131952122.6054,39103072739.2857,43894542731.2925,41549387405.7971,35674127547.0852,38907490977.3662,45654815621.4575,49070746965.5832,53478740951.2195,61426209439.5604,63587225470.9336,79201915487.2544,97298038236.3155,113377339599.721,131273631068.301,152656651590.149,177654002652.719,201487511551.749,215508726503.244,229452522940.679,243678417720.189,271832742308.622,319921944456.512,383895036962.902,478950403487.348,606272105740.642,674347750698.246,781952026535.013,998066848773.505,1149756144899.64,1300482657695.54,1396179414656.38,1546148801284.62,1602333366448.94,1745036282236.49
Military expenditure (% of central government expenditure),MS.MIL.XPND.ZS,MS,,,,,,,,,,,,,,,,,,,,,,,,,,,,,,13.3848924788169,13.9671958514538,14.473597563474,17.1101275024606,15.0557981206514,14.3503407534048,15.4285225654042,15.2542537671453,14.458870509952,13.4387023555859,12.8591143636694,11.6919131715104,11.9848101726475,11.8739831872498,11.630162260703,11.5824875211095,10.9767185886511,10.9563243913445,10.5380323371356,8.37597506273607,8.09191028732168,7.64204482546063,6.79029466526732,6.54536537731643,6.54267979182087,6.57988538472842,6.08881282159957,6.03378485685762,6.10164288464194
Military expenditure (% of GDP),MS.MIL.XPND.GD.ZS,MS,,,,,,,,,,,,,,,,,,,,,,,,,,,,,,2.4801866410957,2.49325830326962,2.34690960872377,2.48475857240288,1.96190727189541,1.72496768849044,1.7163366422182,1.68605113779847,1.67480208725926,1.70330037386999,1.92205312057776,1.89293844238346,2.08118419765944,2.18541270564642,2.11568631548953,2.06371059900499,2.00873488997414,2.01072344953433,1.91464898903647,1.87815614578948,2.06742610749241,1.89671314671103,1.82192749816085,1.83856391040614,1.87233362515339,1.91534127190954,1.93492242683391,1.93060638113578,1.90884497782157
Military expenditure (current USD),MS.MIL.XPND.CD,MS,,,,,,,,,,,,,,,,,,,,,,,,,,,,,,11403453019.9649,10085081566.563,9953641758.35323,12420300874.589,12577165929.6489,10050586559.0562,12606229599.2777,14563240390.4419,16104915231.6784,17527989868.5391,21027341241.5972,22929764606.6386,27875387283.6086,32137735649.1087,35126306608.063,40352713136.126,45918881613.3098,55337487669.1415,68011562228.4763,86362099112.7773,105644214526.409,115711781066.339,137967304294.479,157390377245.803,179880451357.744,200772203839.984,214093069946.25,216031280078.816,228230672394.564
"Imports of goods, services and primary income (BoP, current US$)",BM.GSR.TOTL.CD,BM,,,,,,,,,,,,,,,,,,,,,,,19541000000,21006000000,27136000000,41301000000,38096000000,40071000000,51602000000,54415000000,48668000000,57176000000,79166000000,104023000000,118345000000,152247500000,173882000000,114424000000,119755000000,142043000000,188382197000,209051000000,233532863434.72,436468258441.393,579289402965.102,704098844539.505,842519033924.869,1024448405992.31,1229691683987.9,1146376587166.33,1549244113375.84,2041533864905.06,2130171010354.22,2382630464834.76,2467673859884.86,2266538241615.95,2212016746218.64,2503962386243.92
"Imports of goods and services (BoP, current US$)",BM.GSR.GNFS.CD,BM,,,,,,,,,,,,,,,,,,,,,,,18900000000,20711000000,26748000000,40755000000,37172000000,38880000000,49972000000,52750000000,46706000000,54297000000,73819000000,98349000000,111570000000,135282400000,154127000000,97709000000,97527000000,119243000000,161165850000,180488000000,210243368881.429,410155077194.32,553600330539.767,648712207879.776,782812463259.899,949016596646.332,1146484468067.72,1029593130340,1380920299730.48,1826948709574.79,1943247135628.37,2120215176193.99,2241602783713.84,2002281688027.83,1942185380887.41,2212182564781.26
Trade in services (% of GDP),BG.GSR.NFSV.GD.ZS,BG,,,,,,,,,,,,,,,,,,,,,,,2.21171516810616,1.93899305235266,2.18044857733616,1.80265454326677,2.02920553023302,2.53578216157475,2.708788742837,2.44789593750488,2.82853711795335,2.89535016559989,4.37627368675489,5.22315405220073,5.83334412788561,6.0381521895915,4.99984533947714,8.92550407436816,8.70546629319302,8.97598220194364,9.49161127047526,9.67346678618359,10.1274348885854,6.81961052712518,7.77560500847322,7.10594215242376,7.08211587485799,7.16664613036165,6.56212867467798,5.25528563124939,4.23671907655853,5.92786837028441,5.64071498889933,5.59592775776736,6.22019397272691,5.90273907152187,5.80782775625,5.54290037966293
"Trademark applications, total",IP.TMK.TOTL,IP,,,,,,,,,,,,,,,,,,,,,26177,23004,18565,20807,29564,49243,50970,44069,47549,48737,57464,67606,90818,132222,141688,171030,149410,145478,153250,164697,212771,259417,364336,446641,582748,657603,739340,679935,667025,806906,1056563,1386776,1618431,1847936,2104409,,,
"Patent applications, residents",IP.PAT.RESD,IP,,,,,,,,,,,,,,,,,,,,,,,,,,4065,3494,3975,4780,4749,5832,7372,10022,12084,11191,10011,11628,12672,13751,15626,25346,30038,39806,56769,65786,93485,122318,153060,194579,229096,293066,415829,535313,704936,801135,968252,1204981,
"Patent applications, nonresidents",IP.PAT.NRES,IP,,,,,,,,,,,,,,,,,,,,,,,,,,4493,4515,4084,4872,4910,4305,4051,4387,7534,7876,8688,11114,12102,33645,34418,26560,33412,40426,48548,64598,79842,88183,92101,95259,85508,98111,110583,117464,120200,127042,133612,133522,
"Population, total",SP.POP.TOTL,SP,667070000,660330000,665770000,682335000,698355000,715185000,735400000,754550000,774510000,796025000,818315000,841105000,862030000,881940000,900350000,916395000,930685000,943455000,956165000,969005000,981235000,993885000,1008630000,1023310000,1036825000,1051040000,1066790000,1084035000,1101630000,1118650000,1135185000,1150780000,1164970000,1178440000,1191835000,1204855000,1217550000,1230075000,1241935000,1252735000,1262645000,1271850000,1280400000,1288400000,1296075000,1303720000,1311020000,1317885000,1324655000,1331260000,1337705000,1344130000,1350695000,1357380000,1364270000,1371220000,1378665000,1386395000
Population growth (annual %),SP.POP.GROW,SP,1.83286768126466,-1.01552778731319,0.820455548748518,2.45764740395145,2.32068298706855,2.38136810251949,2.78733183821693,2.5706976197388,2.61090262648529,2.74000210569558,2.76167556645304,2.74691554961857,2.45735692952286,2.28339536396383,2.06595501335632,1.76639178162482,1.54733797287665,1.36277947570678,1.33818233834084,1.33392795351687,1.25422105193987,1.28095234429252,1.47267476016581,1.4449496950092,1.31206876113779,1.36169911825369,1.48739892914903,1.6036050865576,1.61007108578698,1.53316999599862,1.46730321087928,1.36443400840349,1.2255362283362,1.14961943083465,1.13026063215591,1.08650915088974,1.04814151412165,1.02345002419879,0.959550406298151,0.865851392993279,0.787956592953992,0.726380637838525,0.669999567758626,0.622860936133583,0.593932815112141,0.588124989556992,0.558374367373002,0.522271866392275,0.51238693163744,0.497381400884935,0.482959688678361,0.47915045424996,0.487231117971201,0.49370963351136,0.506311591779847,0.508136747291937,0.541478512050099,0.559121331017265
Population ages 65 and above (% of total),SP.POP.65UP.TO.ZS,SP,3.70386410893258,3.72617322719271,3.68735551435421,3.60975115736686,3.52103989532172,3.43168471633119,3.49753890283434,3.57275195152894,3.64818037728067,3.71171944905093,3.76091478205544,3.83292431712805,3.89977605404118,3.96422450714689,4.03229217665838,4.10814148404547,4.22214667809907,4.33848706225556,4.45826994076027,4.5805895258757,4.70382606883339,4.85408647041553,4.99379519791784,5.12246505753333,5.23666662018974,5.33376802183308,5.41358199110688,5.47428910760999,5.52519115176397,5.5808717416883,5.65204923863392,5.72044404765979,5.81514370026946,5.92761893901688,6.04471388832518,6.16109366207689,6.33147368465609,6.48080814484139,6.61913001913115,6.76015008135064,6.90838740308527,7.06880220517916,7.23355273588035,7.39907142262479,7.55407542665446,7.69477818527575,7.83004114776241,7.95858563207336,8.08861360806352,8.23253893357358,8.4002532391307,8.59206316121283,8.79140717054487,9.02000139410578,9.30929170209179,9.67614467934214,10.1229007517928,10.6414245981811
"Population ages 65 and above, total",SP.POP.65UP.TO,SP,24707366,24605040,24549307,24630596,24589358,24542894,25720901,26958200,28255522,29546215,30776130,32238918,33617240,34962082,36304743,37646803,39294886,40931673,42628417,44386142,46155588,48244037,50368917,52418697,54295069,56060035,57751551,59343210,60867163,62430422,64161215,65829726,67744680,69853433,72043016,74232245,77088858,79718801,82205292,84686766,87228408,89904561,92618409,95329636,97906483,100318362,102653405,104885006,107146225,109596498,112370608,115488499,118745097,122435695,127003874,132681231,139560890,147532179
Interest payments on external debt (% of GNI),DT.INT.DECT.GN.ZS,DT,,,,,,,,,,,,,,,,,,,,,,0.275395372418983,0.400589607590785,0.354535399721207,0.382050622504033,0.380850406151789,0.353752672752348,0.665222567626908,0.703488216182592,0.921506412612655,0.897744387055085,0.971221216418965,0.797157368978674,0.774911234695882,0.850706152628573,0.829614566821989,0.645589401118934,0.727774519088182,0.713730406732473,0.656968629053655,0.605540476848162,0.605219600908787,0.438086758504143,0.439163304423567,0.357634559714439,0.287733646568393,0.341343616893029,0.32072215204686,0.201020625502213,0.124581277353798,0.54699712758112,0.502566124952065,0.494601668171394,0.422660384609928,0.410276777974217,0.385305825791728,0.325651451336485,0.503070322534824
"Interest payments on external debt, total (INT, current US$)",DT.INT.DECT.CD,DT,,,,,,,,,,,0,0,0,0,0,0,0,0,0,0,0,539177457.2,822656006.9,820973949.6,997997887.5,1181885768.9,1063858388.5,1814684232.2,2196503558.3,3206313254.4,3248243731.7,3730969006.1,3404901537.3,3439125314.8,4791931372.8,5996234035.7,5495965306.9,6918226637.7,7225802295.1,7092153635.4,7246389822.4,7990246508.3,6376812178.3,7246499641.2,6974644239.6,6531142899.4,9376673043.7,11418423736.1,9300764638.1,6355416103.2,33227606310,37703401288.6,42242591697.2,40276987153.3,43061303701.3,42471784261.7,36323793649.5,61407508021.6
"External debt stocks, short-term (DOD, current US$)",DT.DOD.DSTC.CD,DT,,,,,,,,,,,0,0,0,0,0,0,0,0,0,0,0,0,2300000000,3984000000,5600000000,6419000000,6076000000,8221000000,8806000000,6907000000,9317000000,10780000000,13765000000,15296000000,17483000000,22325450000,25407080000,31464000000,17340000000,15180000000,13080000000,56300000000,65680000000,88093000000,115770000000,148267000000,173377000000,203698000000,187188000000,240509000071.4,512323000066.2,771361000064.1,792108000065.4,1077031000068.4,1239452085974.1,822244079544.5,801396077737.5,1030633085053.2
"External debt stocks, public and publicly guaranteed (PPG) (DOD, current US$)",DT.DOD.DPPG.CD,DT,,,,,,,,,,,0,0,0,0,0,0,0,0,0,0,0,4913954562.5,5222125925.8,5303637603.3,6185533891.8,9940225348.3,16571434200.4,25963179948.8,32620334460.8,37117932607.8,45515193868.2,49479186451.5,58462560534.7,70076200669.9,82391214411.3,94674480047,102260180407.6,112821357209.9,99424136291.8,95392014321.3,94488927675.7,90733695330.2,87373407784.1,83080793306.3,87467487633.9,84212366604.6,85735408279.8,87101170620.2,90837899920.9,94038378213.6,94002773499.8,104777949776.7,128592796790.6,143688828218.4,171131806848.5,138161422860.4,162188481782.4,201724109308.7
"Death rate, crude (per 1,000 people)",SP.DYN.CDRT.IN,SP,25.43,14.24,10.02,10.04,11.5,9.5,8.83,8.43,8.21,8.03,7.6,7.32,7.61,7.04,7.34,7.32,7.25,6.87,6.25,6.21,6.34,6.36,6.6,6.9,6.82,6.78,6.86,6.72,6.64,6.54,6.67,6.7,6.64,6.64,6.49,6.57,6.56,6.51,6.5,6.46,6.45,6.43,6.41,6.4,6.42,6.51,6.81,6.93,7.06,7.08,7.11,7.14,7.15,7.16,7.16,7.11,7.3,
"Birth rate, crude (per 1,000 people)",SP.DYN.CBRT.IN,SP,20.86,18.02,37.01,43.37,39.14,37.88,35.05,33.96,35.59,34.11,33.43,30.65,29.77,27.93,24.82,23.01,19.91,18.93,18.25,17.82,18.21,20.91,22.28,20.19,19.9,21.04,22.43,23.33,22.37,21.58,21.06,19.68,18.27,18.09,17.7,17.12,16.98,16.57,15.64,14.64,14.03,13.38,12.86,12.41,12.29,12.4,12.09,12.1,12.14,12.13,11.9,11.93,12.1,12.08,12.37,12.07,12,
"Mortality rate, adult, male (per 1,000 male adults)",SP.DYN.AMRT.MA,SP,499.659,497.798,495.937,459.408,422.879,386.349,349.82,313.291,297.064,280.838,264.612,248.386,232.16,221.847,211.534,201.221,190.908,180.596,177.449,174.302,171.155,168.008,164.861,161.681,158.501,155.321,152.141,148.961,148.383,147.805,147.228,146.65,146.073,144.644,143.216,141.788,140.36,138.932,133.831,128.73,123.629,118.528,113.427,111.762,110.097,108.432,106.767,105.102,103.557,102.013,100.468,98.924,97.379,96.063,94.746,93.429,92.112,
"Mortality rate, adult, female (per 1,000 female adults)",SP.DYN.AMRT.FE,SP,397.316,396.271,395.226,371.219,347.213,323.206,299.2,275.193,257.75,240.308,222.865,205.422,187.979,179.878,171.778,163.677,155.577,147.476,144.034,140.592,137.15,133.709,130.267,127.03,123.793,120.556,117.319,114.083,112.916,111.749,110.583,109.416,108.249,106.486,104.722,102.958,101.194,99.431,96.886,94.342,91.798,89.254,86.71,84.895,83.081,81.267,79.453,77.639,76.302,74.965,73.627,72.29,70.953,69.986,69.019,68.052,67.085,
Gross savings (% of GDP),NY.GNS.ICTR.ZS,NY,,,,,,,,,,,,,,,,,,,,,,,33.8263740961347,33.1769424691429,34.9267086131852,35.3100974214927,35.2872767125625,37.273654760801,38.0208362063697,35.9369032329162,36.7523539839548,38.5532825267516,40.6578463654322,41.758432678967,41.747186980707,39.5803183708185,38.80856874913,39.7925442566403,38.395724620428,36.6083260756079,35.8204790129847,37.3725610856496,39.0141199833487,42.5749988129874,45.8629410928371,46.1815373000182,48.5502069562185,50.858866730667,52.2769397674589,50.9717716075457,52.0595350326313,50.1358200995785,49.6366682520511,48.6427882483563,49.1583975294434,46.9333696445567,45.804783633323,47.0054693359345
Gross savings (% of GNI),NY.GNS.ICTR.GN.ZS,NY,,,,,,,,,,,,,,,,,,,,,,,33.781637875212,33.0513523015164,34.7562524682346,35.2145132271035,35.2899776480714,37.2981713203617,38.0358511679043,35.9188764549142,36.6543466531642,38.47510062752,40.6374096949259,41.8452170788349,41.8239683683241,40.2251060204023,39.375532992118,40.2531627030395,39.0269450237085,37.0990343293959,36.259465314657,37.915306728383,39.4146900935211,42.8386556721101,45.9836204542524,46.5092777768251,48.6410927427171,50.7440034431928,51.9541871661066,51.0570214301194,52.2829739967952,50.6061355604108,49.7518433158387,49.0400570842251,49.096106440562,47.1113039893768,45.9558984240723,47.125442059834
Gross savings (current US$),NY.GNS.ICTR.CD,NY,,,,,,,,,,,,,,,,,,,,,,,69374409106.8703,76534809386.9732,90790760432.1429,109280524241.497,106129343020.29,101747004204.036,118759462506.173,124977068074.899,132623777405.354,147802998452.962,173574734583.987,185712813178.662,235589675165.628,290736396701.833,335207738680.811,382646678551.955,395108553962.387,400494086860.829,433910251201.392,500566483211.511,573722147299.069,706867581673.059,896779645046.859,1055694191246.18,1336165671671.78,1806599667913.91,2403801428776.44,2604633882962.15,3175954660609.89,3796561968599.55,4249170471147.22,4673221861096.17,5152966152330.58,5193020726361.24,5126009924053.92,5752388546256.14
Real interest rate (%),FR.INR.RINR,FR,,,,,,,,,,,,,,,,,,,,,1.21586422442079,2.67858245733444,7.26924841537991,6.03629373610229,2.10312043091599,-2.0663375880327,3.09625835677073,2.72921951191435,-2.76161279278114,2.50055772498113,3.43856643586264,1.83346578349214,0.408280499531104,-3.66503819624625,-7.97724778364842,-1.41684830233164,3.36043870975333,6.90581616839646,7.34817842026667,7.20986021161505,3.71201682621677,3.73066325103919,4.67686131548757,2.6358824236141,-1.28496144699747,1.61435765826233,2.10924007781444,-0.310763330808952,-2.33466335089468,5.45119721887502,-1.06078004740461,-1.472140107992,3.52322328997498,3.69259692477446,4.73242418191319,4.25269738403826,3.17584075049218,0.284001813548221
"Inflation, consumer prices (annual %)",FP.CPI.TOTL.ZG,FP,,,,,,,,,,,,,,,,,,,,,,,,,,,,7.23383553065603,18.8118179448753,18.2456383621648,3.05229012075233,3.55668565220451,6.3539813402487,14.6100786356603,24.2569843505754,16.7912270168851,8.31315334383153,2.78646849655587,-0.773182345961248,-1.40147380776612,0.347806256807194,0.719132436811498,-0.731975500083577,1.12760196090496,3.82463762400933,1.77641616843146,1.6494331013998,4.81676531343752,5.9252552887092,-0.728171334173071,3.17532798075574,5.55389705904324,2.61952616488542,2.62104902701091,1.92164341593894,1.4370245139476,2.00000000000002,1.59313725490194
Consumer price index (2010 = 100),FP.CPI.TOTL,FP,,,,,,,,,,,,,,,,,,,,,,,,,,,26.0483210361187,27.9326137383688,33.1872461820759,39.2424711028188,40.4402651714292,41.8785982804949,44.5395566007953,51.0468208441459,63.4292401877766,74.0797879027915,80.2381542679357,82.4739651588297,81.8362910202074,80.6893768363119,80.9700195375273,81.5523012121143,80.9553583474872,81.8682125556712,84.9993750151793,86.5093176560146,87.936230977228,92.1719128488834,97.6333339896663,96.9223960389561,100,105.553897059043,108.318909010561,111.158000721251,113.294061123401,114.922124554591,117.220567045682,119.088051569694
"Use of IMF credit (DOD, current US$)",DT.DOD.DIMF.CD,DT,,,,,,,,,,,0,0,0,0,0,0,0,0,0,0,0,884059046.9,837842329,324059292.7,303401460.7,339990647.3,1071881716.8,1155346773.4,1012623101.6,907536555.3,469216030.6,0,0,0,0,0,0,0,0,325010365.9,308529088,297593664,321934336,351877696,367752768,338451136,356241920,374203200,364735936,10957633395.1,10764299164.7,10731028342.6,10742561295.7,10764089474.6,10126700895.1,9685792637.6,9396420382.4,9954225477.5
External debt stocks (% of GNI),DT.DOD.DECT.GN.ZS,DT,,,,,,,,,,,,,,,,,,,,,,2.96144821325265,4.07085874845965,4.15078554280896,4.62785075467772,5.38114880616591,7.88711307093933,12.9546784436217,13.5921958511773,12.9137595684066,15.2841148736389,15.6862735311274,16.9568730916294,19.3614205283241,17.8339937869236,16.3384237375498,15.1316360848456,15.4320329838793,14.2243032239148,13.7639009227622,12.1725352694673,13.9427454242512,12.7242183867337,12.5179984152701,12.6018511132215,12.4813938728271,11.7632287836646,10.4897186684975,8.21663330580204,8.7752446684465,12.0908645086296,13.9206928339024,13.3272851467233,15.4429079199061,16.8684616701535,12.028335028658,12.6929935177442,14.0108032710198
"External debt stocks (% of exports of goods, services and primary income)",DT.DOD.DECT.EX.ZS,DT,,,,,,,,,,,,,,,,,,,,,,,33.8063336762506,38.8586896947645,42.0865316547138,56.3382341877804,77.3044223746048,88.0253237407527,89.5695691572571,90.3764691415411,91.5722705350135,86.5581488020167,85.80292083436,94.1756150346332,80.4182474993996,77.4708552524499,71.9664620480905,100.310407479264,97.9984479487982,93.9139549516478,71.9023553240011,84.453702052762,72.3577141316693,44.702159656764,39.3012306436978,34.8641016730998,30.8837165352094,27.8589594400926,23.6552689980065,32.9654386741464,42.0567239002894,48.504264847671,48.5988336700861,57.9474975745662,65.5173438487225,51.32357007426,58.4138905155542,63.808872003867
Total change in external debt stocks (current US$),DT.DOD.DECT.CD.CG,DT,,,,,,,,,,,0,0,0,0,0,0,0,0,0,0,0,0,0,0,0,0,0,0,0,2493511600.7,10368940735.7,4957776552.7,12168775083.2,13499753135.2,14529151741.4,17632926635.7,10727295360.6,17879860802.3,-2690189918.1,4578265395.4,-2918567923.5,38408832230.5,1139053125.9,21341328882.2,39207569399.6,37546577338.7,39824832459.2,50322723620.4,6707459036.7,67497387823.2,286803219050.6,309889605452.7,93892358968.3,333368641609.7,298842312956.3,-444589876675.2,89932600497.7,294433999344.7
"External debt stocks, total (DOD, current US$)",DT.DOD.DECT.CD,DT,,,,,,,,,,,0,0,0,0,0,0,0,0,0,0,0,5798013609.4,8359968254.8,9611696896,12088935352.5,16699215995.6,23719315917.2,35339526722.2,42438957562.4,44932469163.1,55301409898.8,60259186451.5,72427961534.7,85927714669.9,100456866411.3,118089793047,128817088407.6,146696949209.9,144006759291.8,148585024687.2,145666456763.7,184075288994.2,185214342120.1,206555671002.3,245763240401.9,283309817740.6,323134650199.8,373457373820.2,380164832856.9,447662220680.1,734465439730.7,1044355045183.4,1138247404151.7,1471616045761.4,1770458358717.7,1325868482042.5,1415801082540.2,1710235081884.9
"Unemployment, total (% of total labor force) (national estimate)",SL.UEM.TOTL.NE.ZS,SL,,,,,,,,,,,,,,,,,,,5.30000019073486,5.40000009536743,4.90000009536743,3.79999995231628,3.20000004768372,2.29999995231628,1.89999997615814,1.79999995231628,2,2,2,2.59999990463257,2.5,2.29999995231628,2.29999995231628,2.59999990463257,2.79999995231628,2.90000009536743,3,3.09999990463257,3.09999990463257,3.09999990463257,3.09999990463257,3.59999990463257,4,4.30000019073486,4.19999980926514,4.19999980926514,4.09999990463257,4,4.19999980926514,4.30000019073486,4.09999990463257,4.09999990463257,4.09999990463257,4.05000019073486,4.09999990463257,,,
"GNI per capita, Atlas method (current US$)",NY.GNP.PCAP.CD,NY,,,70,80,90,100,110,100,90,110,120,130,130,160,180,200,190,190,200,210,220,220,220,220,250,290,310,320,330,320,330,350,390,420,470,540,650,750,800,860,940,1010,1110,1280,1510,1760,2060,2510,3100,3690,4340,5060,5940,6800,7520,7950,8250,8690
GNI (current US$),NY.GNP.MKTP.CD,NY,59716467625.3148,50056868957.6732,47209359005.6056,50706799902.5103,59708343488.5043,70436266146.7219,76720285969.6157,72881631326.6715,70846535055.6503,79705906247.4612,92602973434.0726,99800958648.1436,113687586299.051,138544284708.957,144182133387.722,163431551779.761,153940455341.506,174938098826.569,149540752829.268,178280594413.043,191149211575,195783049099.206,205361295278.626,231563322095.785,261221374528.571,310328084153.061,300735081440.58,272793546177.13,312230327072.016,347942587323.887,361822783694.073,384152337595.819,427130409854.003,443808937181.006,563288670005.917,722773475238.004,851309717503.789,950600282951.338,1012399391554.64,1079526985271.13,1196681328408.87,1320222692110.76,1455604866961.46,1650069477164.43,1950215394499.08,2269857202066.07,2746989420528.26,3560222972821.56,4626771315064.69,5101421528333.87,6074548591678.36,7502177209456.01,8540729725675.27,9529397270215.31,10495671705798.1,11022876224212,11154193694032.7,12206545540628.5
"GNI, Atlas method (current US$)",NY.GNP.ATLS.CD,NY,,,45785721837.9479,52458957992.8711,61334480059.395,71765163909.7662,79658878356.1032,75176193055.92,73036609316.1847,85347647220.1954,100211444556.65,105767767755.274,114722051027.908,140517018667.205,162063302545.973,187352698228.468,173660731274.618,183675112500.134,188044354379.593,203198526532.919,214942958228.867,223173149674.185,222244989139.507,229305429127.706,259438144171.881,301493272301.297,331331017118.306,350371073902.918,365535074736.855,358707278877.96,374114476760.07,407837101602.396,459969835154.324,493366126021.288,556606018294.526,649708982237.542,795429943352.7,926902817755.587,991096043369.344,1072776189305.84,1181545268968.97,1287525564211.01,1423131569873.26,1648275876486.48,1959579219658.51,2295108727607.9,2706545225091.67,3310849593447.07,4106005860085.48,4906167803930.67,5810912041729.88,6798155266064.74,8027337163774.01,9223788349188.01,10264903104174.9,10897469726624.5,11380444692237.1,12042905971235.1
Gross domestic savings (% of GDP),NY.GDS.TOTL.ZS,NY,36.5621386300252,19.2485596039925,15.1867148511444,18.7454938716655,26.6208585618069,33.1833910034602,33.748080690422,28.8986735035113,27.2346769107276,30.7206197125675,35.969645128745,36.5908258374374,35.5782792665726,36.4596183150715,36.0045266470984,37.9042605691726,34.0995783979121,36.6830769230769,39.3024051305244,37.1226709127324,35.3285671929144,33.6014650894709,33.4569769882502,32.5754450014072,34.2662405941659,34.9601465600837,35.1689153672799,37.2573266196748,37.9261691896764,35.7771599758659,36.409041260313,38.1333212419541,40.3370108697886,41.7022965909285,41.8714062532745,40.9879574107713,40.0019741527175,40.4019084322445,39.5972978129244,37.4791035706643,36.5101437494849,38.1700122499394,39.1474512560006,42.139504853786,44.9543259926054,45.8422142557304,47.7172109167573,49.5880156451926,50.7171754865663,50.5191908616093,51.8199862880688,50.7415079404163,49.8280565634127,49.5437840998449,49.0177260068247,47.4253807496709,46.2186800616607,47.3531853277819
Gross domestic savings (current US$),NY.GDS.TOTL.CD,NY,21833617678.1217,9635226257.21017,7169550735.23438,9505240068.24274,15894873669.6726,23373141603.7046,25891624014.9484,21061824681.1276,19294824924.8517,24486148346.7382,33308960922.9019,36517994963.0352,40448086944.9022,50512717402.2318,51912094635.9372,61947521238.8429,52493046255.2797,64172677360.3187,58773112512.1951,66182518365.2174,67530277650,65813974115.0794,68616813687.0229,75147234444.4444,89073896860.7143,108197468221.088,105773361686.957,101702432791.48,118463766641.975,124421532062.753,131384906277.247,146192978940.767,172205037441.13,185463158434.418,236290675165.628,301076179684.338,345515738680.811,388506348552.438,407473259961.832,410020368860.756,442264483397.758,511247509966.051,575682850349.16,699637127877.25,879013066897.835,1047937382188.84,1313240522998.97,1761456720448.24,2332080252601.21,2581507216800.36,3161340700818.28,3842428006430.4,4265554358096.1,4759782555117.98,5138220439876.94,5247460113215.58,5172329042514.86,5794940987857.31
GDP per capita growth (annual %),NY.GDP.PCAP.KD.ZG,NY,,-26.5276436064275,-6.35150486427221,7.62225445983979,15.4689954192979,14.1978890101766,7.60840393389294,-8.16149758545772,-6.57145161982454,13.7793403435653,16.0503992924726,4.15917620599429,1.2901059690867,5.32729301473751,0.218005664944926,6.81644050919941,-3.08132198597882,6.11400167387856,10.1822944974176,6.17422407521151,6.46300126710422,3.83379711765024,7.34193134560242,9.24521635440838,13.6383341952623,11.9091083997306,7.33133201847743,9.9121661377022,9.4579011522063,2.6007041074237,2.39361245948737,7.8129577901975,12.8249454735615,12.5660279957053,11.7815686941837,9.75027900135782,8.78218488286973,8.11854811854799,6.8078063193137,6.73927002727228,7.6400016553423,7.55580167175572,8.40191506145106,9.35236426173485,9.45917505031505,10.7425523141703,12.0918362716473,13.6363448575162,9.09387210240251,8.85702981880416,10.1031007233129,9.01285403501959,7.33203098425375,7.22693645387173,6.75577841625581,6.3583833559258,6.1238038247144,6.30396712336683
GDP per capita (current US$),NY.GDP.PCAP.CD,NY,89.5205415103584,75.8058379259965,70.9094116671007,74.3136434486145,85.4985551596313,98.4867777522206,104.324566181147,96.5895319417819,91.4727183066072,100.12990326618,113.162991554686,118.654577785346,131.883561243868,157.090374298657,160.140093727686,178.341819608096,165.40554037242,185.422832913673,156.396388520044,183.983152215978,194.804722186836,197.071474499102,203.334919503464,225.431928890812,250.713969046988,294.45884850496,281.928120911563,251.811956961329,283.537695240524,310.8819124049,317.884673040928,333.142145400184,366.460692302073,377.389839479958,473.492278718042,609.656679202484,709.413755085039,781.744164341053,828.580479295681,873.28706172579,959.372483639691,1053.10824300452,1148.5082904417,1288.64325183381,1508.66809788266,1753.41782925823,2099.22943460447,2695.36591709669,3471.2480543115,3838.43397176904,4560.51258600929,5633.7957168394,6337.88332279255,7077.77076539558,7683.50261309118,8069.21302389511,8117.26746543179,8826.99409574835
GDP growth (annual %),NY.GDP.MKTP.KD.ZG,NY,,-27.2700000039461,-5.579999990136,10.2999999952758,18.179999994202,16.950000002496,10.6500000041736,-5.77000000422507,-4.09999999214143,16.9399999961092,19.299999996256,7.0600000033518,3.80999999825444,7.7600000016445,2.31000000049113,8.72000000047512,-1.57000000275067,7.56999999917167,11.6666440032893,7.60000000000034,7.80669144981401,5.17241379310337,8.9344262295084,10.8352144469524,15.1391717583164,13.4433962264152,8.93970893970877,11.68893129771,11.2345151644596,4.18586789554524,3.90711389605613,9.29407591344449,14.2161635832521,13.8675760159137,13.0521587222365,10.9492273730684,9.92837246319102,9.23076923076908,7.83761391880728,7.66748617086637,8.49150849150834,8.33991054985566,9.13064594463337,10.0356030262568,10.1112234580387,11.3957759412304,12.7194790206908,14.231388035688,9.65428937259927,9.39981317141536,10.6361404632298,9.5364430080555,7.85626211026953,7.75763514617024,7.29766595938155,6.90020481672437,6.69999999999993,6.90000000000013
GDP (current US$),NY.GDP.MKTP.CD,NY,59716467625.3148,50056868957.6732,47209359005.6056,50706799902.5103,59708343488.5043,70436266146.7219,76720285969.6157,72881631326.6715,70846535055.6503,79705906247.4612,92602973434.0726,99800958648.1436,113687586299.051,138544284708.957,144182133387.722,163431551779.761,153940455341.506,174938098826.569,149540752829.268,178280594413.043,191149211575,195866382432.54,205089699858.779,230686747153.257,259946510957.143,309488028132.653,300758100107.246,272972974764.574,312353631207.819,347768051311.741,360857912565.966,383373318083.624,426915712711.146,444731282436.762,564324670005.917,734547898220.508,863746717503.789,961603952951.82,1029043097554.08,1093997267271.06,1211346869605.24,1339395718865.3,1470550015081.55,1660287965662.68,1955347004963.27,2285965892360.54,2752131773355.16,3552182311652.97,4598206091384,5109953609257.25,6100620488867.55,7572553836875.34,8560547314679.28,9607224481532.65,10482372109961.9,11064666282625.5,11190992550229.5,12237700479375
Trade (% of GDP),NE.TRD.GNFS.ZS,NE,8.73409972110741,7.36022072547269,6.96093615556703,6.86533685812705,6.63310429280904,6.82814302191465,6.72949647905967,6.25348344666146,6.22097356802936,5.45306288859444,4.95240601833575,4.92083519882779,5.75536749725748,8.00014512734925,10.3334865791986,9.55420299391347,8.83691360503246,8.38461538461539,9.65014154062668,11.0865781306023,12.4248485276547,14.8971819799761,19.6929683051809,17.9211027113208,19.0326117398578,20.7128550124155,19.8814799533638,24.857665077842,30.0647705925082,25.1056952042254,24.2731321081918,25.9497241063344,30.1457164555283,36.0560778682802,35.7698149885745,34.2740960269445,33.8147454665978,34.533017359241,32.4246962702613,33.5245667311661,39.4105387873795,38.5273592759292,42.7474036337363,51.8039879999754,59.505524224399,62.2078928661667,64.4788839037683,62.1046170642477,57.4528722024775,44.6054276875928,48.8892993735797,50.5998313834225,48.107858832025,46.5652347738386,44.8765602750999,39.45306552453,37.03381667784,37.8033995957306
External balance on goods and services (% of GDP),NE.RSB.GNFS.ZS,NE,-0.122440650295898,0.381400632962753,1.14438134572363,1.145557958824,0.904823457378052,0.449826989619377,0.25943770847673,0.300969791550552,0.384152284846052,0.642136377535419,0.030705794622099,0.65529732589849,0.740479548660085,0.482548436252813,-0.473883368108357,-0.144760651422931,0.184032657431573,0.212307692307693,-0.538233246491291,-0.760891415914635,-0.601624244496966,-0.002026000541272,2.34629042965759,1.11449835403503,0.020773504441805,-4.03925155859076,-2.457124179653,0.106603959696367,-1.30012895457524,-1.41703643604183,2.95628823104991,3.02603218658778,1.17072289709367,-2.65148876764178,1.30368215161015,1.62794012874709,2.03184563765628,4.45331156018506,4.25994689476029,2.80082558551659,2.37635084555929,2.09693221372424,2.54208771416371,2.1575250683693,2.61715094098712,5.45182226618907,7.59116720075849,8.67174040512629,7.5862744344486,4.30787475189578,3.64552877438794,2.38881404889815,2.70853282409283,2.44472819892198,2.1135562608419,3.24307768717445,2.28293846356606,1.71136060775578
External balance on goods and services (current LCU),NE.RSB.GNFS.CN,NE,-180000000,470000000,1330000000,1430000000,1330000000,780000000,489999999.999999,540000000,670000000,1260000000,70000000,1610000000,1890000000,1330000000,-1340000000,-440000000,550000000,690000000.000002,-1980000000,-3120000000,-2760000000,-10000000,12607440000,6710310000,151200000,-36752940000,-25495500000.0005,1297860000,-19736460000,-24344320000,55793640000,66589740000,31837260000,-94587169600,63407775900,99857670599.9999,145914210000,354995929156,362928335873.87,253655020811.16,238300793707.62,232472454029.65,309416370052.3,296491485281.69,423560129406.739,1021229366895.19,1665794152613,2343384088969.41,2423932623126.66,1503798823897.02,1505713876000,1168848066600,1463602916200,1455210805200,1361075381400,2234649467300,1697559938900,1415503495200
External balance on goods and services (current US$),NE.RSB.GNFS.CD,NE,-73117231.294175,190917215.045901,540255097.895849,580875781.948168,540255097.895848,316841335.608092,199041351.856365,219351693.882525,272158583.15054,511820619.059225,28434478.8366236,653993013.242343,841833325.909759,668543279.380719,-683255149.908219,-236584578.986988,283300710.827238,371407040.58564,-804878048.780488,-1356521739.13044,-1150000000,-3968253.96825397,4812000000,2571000000,54000000,-12501000000,-7390000000.00014,291000000,-4061000000.00001,-4928000000,10668000000,11601000000,4998000000,-11792000000,7357000000,11958000000,17550000000,42823220000,43836689480.0003,30640955366.5801,28785851578.52,28086220298.1298,37382671264.0208,35821129066.291,51174382539.9598,124626797517.2,208918924500.59,308036028783.36,348832533153.922,220130401366.78,222399875337.873,180894229915.654,231865233940.085,234870526033.765,221550832014.845,358835723372.14,255483473384.002,209431185299.165
Imports of goods and services (% of GDP),NE.IMP.GNFS.ZS,NE,4.42827018570165,3.48941004625497,2.9082774049217,2.85988944965153,2.86414041771549,3.18915801614764,3.23502938529147,2.97625682755546,2.91841064159165,2.40546325552951,2.46085011185682,2.13276893646465,2.5074439742987,3.75879834554822,5.4036849736535,4.8494818226682,4.32644047380044,4.08615384615385,5.09418739355899,5.92373477325849,6.51323638607585,7.4496039902587,8.67333893776168,8.40330217864287,9.50591911770801,12.3760532855031,11.1693020665084,12.3755305590728,15.6824497735417,13.2613658201336,10.6584219385709,11.4618459598733,14.4874967792173,19.353783317961,17.2330664184822,16.3230779490987,15.8914499144708,15.039852899528,14.0823746877505,15.3618705728248,18.5170939709101,18.2152135311025,20.1026579597863,24.823231465803,28.4441866417059,28.3780352999888,28.4438583515049,26.7164383295607,24.9332988840144,20.1487764678485,22.6218852995959,24.1055086672622,22.6996630039661,22.0602532874583,21.381502007129,18.1049939186778,17.375439107137,18.0460194939874
Imports of goods and services (current LCU),NE.IMP.GNFS.CN,NE,6510000000,4300000000,3380000000,3570000000,4210000000,5530000000,6110000000,5340000000,5090000000,4720000000,5610000000,5240000000,6400000000,10360000000,15280000000,14740000000,12930000000,13280000000,18740000000,24290000000,29880000000,36770000000,46604886963.3978,50595644612.8557,69188854226.492,112609065625.413,115894403382.122,150667068438.6,238065648463.8,227826839840.6,201154999151.6,252225123635.8,393980678821.73,690411970602.375,838172412028.003,1001255827678.2,1141222697753.4,1198902543036,1199755052548.65,1391238219187.26,1856896761971.16,2019395459011.42,2446843757461.1,3411258981268.7,4603411742956.74,5315742445029.28,6241676894556.49,7219643758986.96,7966576623262.24,7033562510604.68,9343524274500,11794839038700,12266158517200,13131242550200,13769132404200,12475283948900,12920124576200,14926254322100
Imports of goods and services (current US$),NE.IMP.GNFS.CD,NE,2644406531.806,1746689414.24974,1372979120.9684,1450158420.6678,1710130798.60265,2246323828.09327,2481923795.59672,2169144528.39386,2067592818.26306,1917296287.26948,2278820375.33512,2128523844.34154,2850652532.18119,5207600281.49191,7791148276.56537,7925583396.06409,6660142165.44761,7148239853.59027,7617886178.86179,10560869565.2174,12450000000,14591269841.2698,17788124795.19,19385304449.37,24710305080.89,38302403273.95,33592580690.4701,33781853910,48984701330,46118793490,38461758920,43941659170,61849400129,86072328750,97250445198,119900826000,137261877000,144623820000,144913704696,168058444268.42,224306238158.48,243973790217.76,295619639659.43,412137124715.32,556182551584.76,648712207879.78,782812463259.9,949016596646.331,1146484468067.73,1029593130340,1380075369555.26,1825402621481.08,1943215391727.26,2119378054520.8,2241288603086.24,2003257157591.33,1944484096049.36,2208417814123.81
Gross capital formation (% of GDP),NE.GDI.TOTL.ZS,NE,39.1129855111897,22.2835348535259,15.324384787472,21.2529039493711,23.8315531668821,26.6493656286044,30.1688992428655,23.7264519005685,24.7806891806662,24.7630210987667,32.6753520200026,33.3346900565754,30.9943582510578,32.7806400116102,33.1046433497189,34.9498272742227,33.1292243860001,33.7876923076923,38.4007689524622,37.0670055599969,35.3809772050586,33.6891433971173,32.7471620509667,32.6912343367883,35.1748457345148,39.8907023667969,38.5679478014419,38.1509302459858,39.9217887041399,37.9042173964078,34.7337642931763,35.8658255966815,39.8372218125649,44.2429289460642,40.948505248145,39.6846386630877,38.3723553413091,36.3371557299697,35.6786862720729,34.9647798108235,34.4296525400262,36.4222547149181,37.0775418127061,40.631549518575,42.8944901278723,41.3912114020241,40.9332726928269,41.4631515507303,43.2663744586155,46.4413040840892,47.61226022892,47.6858675391308,47.2345311103108,47.3877519865393,47.0077166222056,45.4008804111238,44.2635808837988,43.6002144073962
Gross fixed capital formation (% of GDP),NE.GDI.FTOT.ZS,NE,32.1746819944222,18.4695285238984,15.0662536568577,17.2474565408956,19.7496428328458,20.1903114186851,21.5386244506804,18.0414669490581,17.2123158075798,20.7369279380287,23.9461332631487,24.5431234482478,24.3692211252155,24.1092808939845,26.4561304240195,28.9620003290015,28.946663989828,28.0338461538462,30.13698577401,29.1215432745806,29.336397386254,27.9981078766831,29.006478959386,28.942640329869,30.1174866174324,31.2578362633694,31.8005080612826,31.3884874541578,31.8963013302187,26.3015982722665,24.5646690826273,26.3332643976061,31.1126734511656,38.0520121778593,35.3388361942062,33.1878876693087,32.4726396127162,31.8173062800072,33.7475985231969,33.3921967859985,33.4340416369767,34.3341843661915,35.9824644211524,39.269104259255,40.576956594178,40.4708774229079,39.7484220998432,38.8747708629644,40.0612458342758,44.8991332902441,44.9912045402427,44.894889202236,45.2656320163123,45.5147737228397,45.0411133351117,43.7561985185308,42.7770061704,41.8851116916531
Gross fixed capital formation (current US$),NE.GDI.FTOT.CD,NE,19213583556.7471,9245267690.3079,7112681777.56113,8745633276.46437,11792184580.3883,14221301486.717,16524494272.4835,13148915427.7358,12194329352.5063,16528556340.8888,22174831424.1612,24494272483.5486,27704779297.136,33402030763.0441,38145013257.1895,47333046564.1467,44560626352.117,49041877489.5037,45067075406.5041,51918060452.1739,56076292308.3333,54838881047.619,59489300637.4046,66766835517.2414,78289355650,96739261088.4354,95642603869.5652,85682087937.2197,99629255425.9259,91468555775.3036,88643552080.3059,100954709480.836,132824891607.535,169229201751.586,199425770736.886,243780931338.69,280481358741.671,305956474911.337,347277333193.221,365309720320.597,405002216752.029,459870595508.089,529140135971.971,651980212239.942,793420305469.505,925150454226.719,1093928954017.11,1380902734289.85,1842098646235.99,2294324882090.05,2744742642370.35,3399689654844.85,3874985846045.02,4372706483814.84,4721377102256.08,4841477344038.54,4787171573740.69,5125774514276.2
Exports of goods and services (% of GDP),NE.EXP.GNFS.ZS,NE,4.30582953540576,3.87081067921772,4.05265875064533,4.00544740847553,3.76896387509354,3.63898500576701,3.4944670937682,3.27722661910601,3.3025629264377,3.04759963306493,2.49155590647892,2.78806626236314,3.24792352295878,4.24134678180103,4.92980160554514,4.70472117124527,4.51047313123201,4.29846153846154,4.55595414706769,5.16284335734386,5.91161214157888,7.44757798971743,11.0196293674193,9.51780053267791,9.52669262214982,8.33680172691235,8.71217788685542,12.4821345187692,14.3823208189665,11.8443293840918,13.6147101696208,14.4878781464611,15.658219676311,16.7022945503192,18.5367485700923,17.9510180778458,17.9232955521271,19.493164459713,18.3423215825108,18.1626961583414,20.8934448164694,20.3121457448267,22.64474567395,26.9807565341723,31.0613375826931,33.8298575661779,36.0350255522634,35.388178734687,32.519573318463,24.4566512197443,26.2674140739838,26.4943227161603,25.4081958280589,24.5049814863803,23.4950582679709,21.3480716058522,19.658377570703,19.7573801017432
Exports of goods and services (current US$),NE.EXP.GNFS.CD,NE,2571289300.51182,1937606629.29564,1913234218.86425,2031034202.61597,2250385896.4985,2563165163.70136,2680965147.45308,2388496222.27638,2339751401.4136,2429116906.3287,2307254854.17174,2782516857.58388,3692485858.09095,5876143560.87263,7107893126.65715,7688998817.07711,6943442876.27485,7519646894.17591,6813008130.0813,9204347826.08696,11300000000,14587301587.3016,22600124795.19,21956304449.37,24764305080.89,25801403273.95,26202580690.47,34072853910,44923701330,41190793490,49129758920,55542659170,66847400129,74280328750,104607445198,131858826000,154811877000,187447040000,188750394176,198699399635,253092089737,272060010515.89,333002310923.451,447958253781.611,607356934124.72,773339005396.98,991731387760.49,1257052625429.69,1495317001221.65,1249723531706.78,1602475244893.14,2006296851396.73,2175080625667.35,2354248580554.57,2462839435101.08,2362092880963.47,2199967569433.37,2417848999422.97
Gross national expenditure (% of GDP),NE.DAB.TOTL.ZS,NE,100.122440650296,99.6185993670372,98.8556186542764,98.854442041176,99.0951765426219,99.5501730103806,99.7405622915233,99.6990302084494,99.6158477151539,99.3578636224646,99.9692942053779,99.3447026741015,99.2595204513399,99.5174515637472,100.473883368108,100.144760651423,99.8159673425684,99.7876923076923,100.538233246491,100.760891415915,100.601624244497,100.002026000541,97.6537095703424,98.885501645965,99.9792264955582,104.039251558591,102.457124179653,99.8933960403036,101.300128954575,101.417036436042,97.0437117689501,96.9739678134122,98.8292771029063,102.651488767642,98.6963178483899,98.3720598712529,97.9681543623437,95.5466884398149,95.7400531052397,97.1991744144834,97.6236491544407,97.9030677862758,97.4579122858363,97.8424749316307,97.3828490590129,94.5481777338109,92.4088327992415,91.3282595948737,92.4137255655514,95.6921252481042,96.3544712256121,97.6111859511018,97.2914671759072,97.555271801078,97.8864437391581,96.7569223128255,97.7170615364339,98.2886393922442
Gross national expenditure (current US$),NE.DAB.TOTL.CD,NE,61239743277.2768,51576082541.23,47274352100.0894,51978227313.348,58042895442.3592,65833942643.5941,73974327727.6789,69112031846.6163,69107969778.2111,74957348281.7451,89552360061.7434,96551303923.9581,108476237138.658,133447270533.829,140001019783.806,158603075599.527,152446687957.144,169872968026.698,148192439300.813,178181353891.304,191249392900,196038114761.905,203633942534.351,230953857804.598,262308398317.857,324747508074.83,310980965478.261,275412271165.919,318587021226.337,355165277453.441,354812543072.658,374680344790.941,424782034695.447,456030269291.761,559116511954.239,724974397752.284,849670938512.425,922517130289.03,988718895972.992,1066490634048.05,1186144904467.05,1315986329265.08,1440110961451.01,1635251564704.6,1915070066075.05,2184217485256.82,2565428854009.58,3263572326443.64,4255602904659.86,4901575486687.94,5843923090787.71,7341163822426.68,8338527341148.24,9400089636513.44,10271675446821,10840662076274.6,10972197546885.4,11778423139060.2
Final consumption expenditure (% of GDP),NE.CON.TOTL.ZS,NE,63.4378613699748,80.7514403960075,84.8132851488556,81.2545061283345,73.3791414381931,66.8166089965398,66.251919309578,71.1013264964887,72.7653230892724,69.2793802874325,64.030354871255,63.4091741625626,64.4217207334274,63.5403816849285,63.9954733529017,62.0957394308274,65.9004216020879,63.3169230769231,60.6975948694756,62.8773290872676,64.6714328070856,66.3985349105291,66.5430230117498,67.4245549985928,65.7337594058341,65.0398534399163,64.8310846327201,62.7426733803252,62.0738308103236,64.2228400241341,63.590958739687,61.8666787580459,59.6629891302114,58.2977034090715,58.1285937467255,59.0120425892287,59.9980258472825,59.5980915677555,60.4027021870756,62.5208964293358,63.4898562505151,61.8299877500605,60.8525487439994,57.860495146214,55.0456740073946,54.1577857442696,52.2827890832427,50.4119843548074,49.2828245134337,49.4808091383907,48.1800137119312,49.2584920595837,50.1719434365873,50.4562159001551,50.9822739931753,52.5746192503291,53.7813199383393,52.6468146722181
Final consumption expenditure (current US$),NE.CON.TOTL.CD,NE,37882849947.1931,40421642700.4631,40039808270.3713,41201559834.2676,43813469818.8317,47063124543.0173,50828661954.6673,51819806645.5439,51551710130.7986,55219757900.7231,59294012511.1707,63282963685.1085,73239499354.149,88031567306.7256,92270038751.7846,101484030540.918,101447409086.226,110765421466.25,90767640317.0732,112098076047.826,123618933925,130052408317.46,136472886171.756,155539512708.812,170872614096.429,201290559911.565,194984738420.29,171270541973.094,193889864565.844,223346519248.988,229473006288.719,237180339142.857,254710675270.016,259268124002.344,328033994840.289,433471718536.171,518230978822.978,573097604399.382,621569837592.25,683976898410.302,769082386207.48,828148208899.252,894867164732.391,960650837785.43,1076333938065.44,1238028510171.7,1438891250356.18,1790725591204.73,2266125838782.79,2528446392456.89,2939279788049.27,3730125830444.94,4294992956583.18,4847441926414.67,5344151670084.97,5817206169409.88,6018663507714.65,6442759491517.72
Households and NPISHs final consumption expenditure (% of GDP),NE.CON.PRVT.ZS,NE,50.4523501802598,66.2744461575915,72.1648597487524,67.6279740447008,60.5211238859786,54.8731257208766,54.0636416582835,60.2775610299855,61.7281119201881,57.47120578942,52.9367899284994,51.365541943099,52.2723711017082,51.9737319497859,51.8796194787283,50.2878762954433,53.1519775145553,50.7015384615385,47.8184900961025,49.1156439200364,50.9393281681392,53.2337926650148,53.3581315468538,53.4957305129545,50.6910213458751,50.8569000638072,51.0161990515899,49.6739336716224,49.6175994462387,51.0948901019797,49.9926018083801,47.917157904966,45.2746198083373,43.9998053342428,44.0937801550348,45.7660665988234,46.8718006122531,45.9465637568171,45.5678860405997,46.2819159521842,46.8565106243676,45.739991084563,45.2493716614467,43.1836184380865,41.1436534648195,40.1627412195706,38.3337826919212,36.9287123415398,36.0978542512991,36.2840601605411,35.3624318288523,36.0784358952438,36.7410715234318,36.9197084500026,37.6629661050244,38.6008692809107,39.463256913482,38.3873033761416
Total debt service (% of GNI),DT.TDS.DECT.GN.ZS,DT,,,,,,,,,,,0,0,0,0,0,0,0,0,0,0,0,0.890597530287962,1.03467890437539,1.16226998975542,0.875245375354967,0.799749402885461,0.989761814864329,1.41192013300016,1.46195920262004,1.6238977940175,1.9503956959125,2.16192384822557,2.01763297606126,2.29066184754494,1.97684785669185,2.08443274637866,1.85075392375395,1.94032111401593,1.82090903587876,2.46235549112501,2.22364311770294,1.89357326982701,2.1359899039705,2.27358062913017,1.19289259358838,1.21015965123256,1.00103767398973,0.893859717296842,0.718846636999499,0.780251206039819,0.85590272619146,0.83512742035779,0.843852906190656,0.807583342553429,0.77362450232837,1.14687008570703,1.14184247193177,
"Total debt service (% of exports of goods, services and primary income)",DT.TDS.DECT.EX.ZS,DT,,,,,,,,,,,,,,,,,,,,,,,8.5924549828137,10.8809215876289,7.95929531402312,8.37267846293985,9.70164668252778,9.59381344259845,9.63398329984593,11.364784641873,11.6854750368432,11.9296641244236,10.2093667452495,11.14198250137,8.91413297891417,9.88363986151134,8.80223201484949,12.6123661322593,12.5451629025233,16.8011650521446,13.1349160431843,11.4697161899431,12.1465532843731,8.11902080963903,3.72026286832196,3.38032305721206,2.62816931485059,2.37394013001581,2.06952285293905,2.93112330906881,2.9771620147898,2.9098582541583,3.07716646393558,3.03042431393198,3.00887628427257,4.89368500401806,6.82685586739838,7.61761644848707
"Stocks traded, turnover ratio of domestic shares (%)",CM.MKT.TRNR,CM,,,,,,,,,,,,,,,,,,,,,,,,,,,,,,,,,,,,,,,,,,,,75.6370171030665,114.244535192578,97.6395428916971,101.181736649302,140.782227105124,219.535230370068,219.15596179179,205.016627397069,195.597103689813,135.966672191666,194.877219313193,199.157924385376,480.287296024602,249.17,197.12
"Stocks traded, total value (% of GDP)",CM.MKT.TRAD.GD.ZS,CM,,,,,,,,,,,,,,,,,,,,,,,,,,,,,,,,,,,,10.554628253354,35.6283958901007,38.5870813926023,27.6363449379295,,62.127795009307,34.5513647297644,22.9987553317759,23.3695508263914,26.158831588545,17.1641537308692,42.1124868082556,177.509133732098,84.9256767180835,153.245552480431,135.359056592174,88.1338731129297,58.7252073401845,80.1061850359955,114.089912231168,355.419816427293,162.99978530167,140.317007095739
"Stocks traded, total value (current US$)",CM.MKT.TRAD.CD,CM,,,,,,,,,,,,,,,,,,,,,,,,,,,,,,,,,,,,77528800000,307739100000,371054900000,284389900000,,752583100000,462779500000,338208200000,388001840000,511495930000,392366700000,1158991130000,6305448050000,3905057640000,7830776640000,8257742340000,6673984990000,5027199160000,7695981020000,11959329140000,39326016590000,18241293830000,17171575050000
"Listed domestic companies, total",CM.MKT.LDOM.NO,CM,,,,,,,,,,,,,,,,,,,,,,,,,,,,,,,,,,,,323,524,799,909,947,1086,1154,1223,1285,1373,1377,1421,1530,1604,1700,2063,2342,2494,2489,2613,2827,3052,3485
Market capitalization of listed domestic companies (% of GDP),CM.MKT.LCAP.GD.ZS,CM,,,,,,,,,,,,,,,,,,,,,,,,,,,,,,,,,,,,,,,,,,,,30.8969757421118,22.8972279019299,17.5791008668567,41.6206404464261,126.087743731706,38.6843043710685,69.9253404869828,66.0234529807259,45.0588845388511,43.1908837611339,41.1059770445792,57.2861524758619,74.0015027191324,65.4163457524511,71.183857087217
Market capitalization of listed domestic companies (current US$),CM.MKT.LCAP.CD,CM,,,,,,,,,,,,,,,,,,,,,,,,,,,,,,,,,,,,,,,,,,,,512978770000,447720260000,401852250000,1145454870000,4478866530000,1778784040000,3573152460000,4027840300000,3412108290000,3697376040000,3949143490000,6004947670000,8188019320000,7320738379789.18,8711267220000
S&P Global Equity Indices (annual % change),CM.MKT.INDX.ZG,CM,,,,,,,,,,,,,,,,,,,,,,,,,,,,,,,,,,,,,36.2999992371,-25,-52.6497001648,102.1999969482,-9.8035507202,-19.4764404297,-14.5100002289,77.6699981689,-2.1099998951,13.3111771908,80.7193578265,66.6097206799351,-52.7044347603,66.2637916011,6.91468273403615,-21.6726736051879,17.1711747606138,7.26434807444456,3.02638337253336,-6.00718204917274,-2.02499777737666,46.0300246028568
"Foreign direct investment, net inflows (% of GDP)",BX.KLT.DINV.WD.GD.ZS,BX,,,,,,,,,,,,,,,,,,,,,,,0.209664356764914,0.275698542655107,0.483945714588724,0.536046583129515,0.623424605798281,0.847702964733309,1.02255894629729,0.97565028966922,0.966308310992784,1.13883773180262,2.61316219287254,6.1868820761248,5.98715629420307,4.88044415984949,4.65182665077089,4.60033466628401,4.25161979162886,3.54233060350033,3.47508224574174,3.51300212008009,3.60909988460748,3.48740330983945,3.4836411137418,4.55425403392961,4.50857901572192,4.3986856950057,3.73046894598714,2.56474056108994,3.99473192936504,3.69851737185537,2.81773885821291,3.02822560278711,2.55760030508313,2.19156480126449,1.56151997957024,1.37463393568348
"Foreign direct investment, net inflows (BoP, current US$)",BX.KLT.DINV.CD.WD,BX,,,,,,,,,,,,,,,,,,,,,,,430000000,636000000,1258000000,1659000000,1875000000,2314000000,3194000000,3393000000,3487000000,4366000000,11156000000,27515000000,33787000000,35849200000,40180000000,44237000000,43751000000,38753000000,42095300000,47053000000,53073618897.4036,57900937467.3864,68117272181.2194,104108693867.085,124082035618.506,156249335203.202,171534650311.569,131057052869.5,243703434558.178,280072219149.935,241213868161.42,290928431467.003,268097181064.335,242489331627.399,174749584584.051,168223583736.789
"Exports of goods, services and primary income (BoP, current US$)",BX.GSR.TOTL.CD,BX,,,,,,,,,,,,,,,,,,,,,,,24729000000,24735000000,28724000000,29641000000,30683000000,40147000000,47381000000,49717000000,60391000000,69617000000,84412000000,91242000000,124918000000,152431250000,178996000000,146243000000,146948000000,158214000000,202589270000,217960000000,255970416344.366,462070899008.669,625332175040.451,812611838954.089,1046294573489.58,1340528796932.55,1607104247636.91,1357974408000.78,1746368646002.99,2153120036894.13,2342129055768.52,2539567897419.11,2702274321141.03,2583352015699.81,2423740432360.37,2680246536533.75
"Exports of goods and services (BoP, current US$)",BX.GSR.GNFS.CD,BX,,,,,,,,,,,,,,,,,,,,,,,23637000000,23186000000,26716000000,28163000000,29583000000,39171000000,45912000000,47823000000,57374000000,65898000000,78817000000,86852000000,119181000000,147239990000,171678000000,140533000000,141364000000,149884000000,190039384000,208572000000,247626456545.448,445976206260.613,604774713079.717,773339005396.985,991731387760.491,1257052625429.69,1495317001221.66,1249723531706.78,1603944171443.28,2008852448487.47,2175092012376.37,2355594737798.11,2462902030661.11,2360152452309.1,2197922469129.56,2422911001954.39
"Net capital account (BoP, current US$)",BN.TRF.KOGT.CD,BN,,,,,,,,,,,,,,,,,,,,,,,,,,,,,,,,,,,,,,,,,,,,-48082509.1579,-69345308.409,4101792453.7078,4020114665.73219,3099074940.16295,3051447677.19205,3939300397.56,4630451540.24785,5446287974.59,4272276974.35,3052011938.48,-32747983.92,316093566.28,-344407427.2,-93614849.22
"Portfolio investment, net (BoP, current US$)",BN.KLT.PTXL.CD,BN,,,,,,,,,,,,,,,,,,,,,,,-21000000,621000000,1638000000,-3027000000,-1568000000,-1051000000,-876000000,180000000,241000000,-235000000,57000000,-3049000000,-3543000000,-789400000,-1744000000,-6943000000,3732000000,11234000000,3990732000,19405000000,10342485051.8252,-11437115819.9986,-19743601592.0469,4709837172.2624,68416515086.0359,-16442973699.6943,-34852395243.9119,-27087363798.0013,-24038442273.0131,-19639146481.0331,-47779274570.0752,-52891117744.1311,-82429447386.7501,66470061883.31,52270616754.1906,-7431310856.86329
"Foreign direct investment, net (BoP, current US$)",BN.KLT.DINV.CD,BN,,,,,,,,,,,,,,,,,,,,,,,-386000000,-543000000,-1124000000,-1030000000,-1425000000,-1669000000,-2344000000,-2613000000,-2657000000,-3453000000,-7156000000,-23115000000,-31787000000,-33849200000,-38066000000,-41674000000,-41117000000,-36978000000,-37483300000,-37357000000,-46789569178.7806,-49444853743.8231,-60144670467.5079,-90379127564.2216,-100149837150.968,-139094535501.613,-114792373681.872,-87167067369.5,-185749835191.821,-231651578090.287,-176250481637.42,-217957551783.694,-144967626758.575,-68098649764.7788,41674876169.524,-66309483489.9992
"Net trade in goods (BoP, current US$)",BN.GSR.MRCH.CD,BN,,,,,,,,,,,,,,,,,,,,,,,4249000000,1990000000,14000000,-13123000000,-9140000000,-1661000000,-5315000000,-5620000000,9165000000,8743000000,5183000000,-10654000000,7290000000,18050110000,19535000000,13552000000,8662000000,-3342000000,-13565524000,-22568000000,-18020418974.554,33689172314.978,44895552672.967,130128746434.245,215686120289.525,311715219675.61,359886092365.751,243546092667.105,246425735266.642,228700752633.924,311569753155.18,358981297739.869,435041621802.113,576191072365.713,488882999359.099,476145708381.88
"Net trade in goods and services (BoP, current US$)",BN.GSR.GNFS.CD,BN,,,,,,,,,,,,,,,,,,,,,,,4737000000,2475000000,-32000000,-12592000000,-7589000000,291000000,-4060000000,-4927000000,10668000000,11601000000,4998000000,-11497000000,7611000000,11957590000,17551000000,42824000000,43837000000,30641000000,28873534000,28084000000,37383087664.0194,35821129066.2935,51174382539.95,124626797517.211,208918924500.594,308036028783.353,348832533153.933,220130401366.781,223023871712.8,181903738912.674,231844876748.002,235379561604.117,221299246947.273,357870764281.273,255737088242.151,210728437173.135
"Net primary income (BoP, current US$)",BN.GSR.FCTY.CD,BN,,,,,,,,,,,,,,,,,,,,,,,451000000,1254000000,1620000000,932000000,176000000,-215000000,-161000000,229000000,1055000000,840000000,248000000,-1284000000,-1038000000,-11773840000,-12437000000,-11005000000,-16644000000,-14470000000,-14666461000,-19175000000,-14945534754.3729,-10218488499.0169,-5131610464.6017,-16113803102.6241,-5143384935.88258,8044362156.87558,28580030495.064,-8532580532.33006,-25899339085.6492,-70317566923.6075,-19886831333.6923,-78442129019.7737,13301214308.9048,-41056990197.4089,-44013402100.4205,-34444286883.3085
"Net financial account (BoP, current US$)",BN.FIN.TOTL.CD,BN,,,,,,,,,,,,,,,,,,,,,,,5953000000,3874000000,1098000000,-11324000000,-7219000000,-1149000000,-4897000000,-4337000000,8872000000,6469000000,-1872000000,-21707000000,-2118000000,-16192310000,-8315000000,14687000000,12701000000,3301000000,8590464000,12493000000,43165873537.0249,51227222380.0099,81838473672.5211,159401641680.104,239491211814.406,369571742338.945,442464337234.814,205813040161.181,189504852699.05,127777301831.892,132589661109.797,88331174649.8887,169141157551.48,91522910322.5514,-27594341283.8161,-57096200481.6957
Current account balance (% of GDP),BN.CAB.XOKA.GD.ZS,BN,,,,,,,,,,,,,,,,,,,,,,,2.76659432624214,1.83799028436738,0.7809298892012,-3.68899568389975,-2.33875662783206,0.109900989377698,-1.21721011703892,-1.24134462142706,3.3245772317122,3.46189976557133,1.49935919653793,-2.61034032424978,1.22411802410261,0.220324638314351,0.838556008748969,3.84389018852671,3.05837530758482,1.93007794733077,1.69384860066437,1.29916795722937,2.4087584656332,2.59301902752458,3.52576604119722,5.79092164974088,8.42412573805547,9.94269567974302,9.1463607281891,4.76044572066039,3.89813446094398,1.79723729285109,2.51609785626787,1.5426302379502,2.25184314578284,2.7489708037615,1.8068408407036,1.34736626144
"Current account balance (BoP, current US$)",BN.CAB.XOKA.CD,BN,,,,,,,,,,,,,,,,,,,,,,,5674000000,4240000000,2030000000,-11417000000,-7034000000,300000000,-3802000000,-4317000000,11997000000,13272000000,6401000000,-11609000000,6908000000,1618390000,7243000000,36963000000,31472000000,21115000000,20518382000,17401000000,35421997979.6472,43051582861.334,68940960688.562,132378493766.399,231843041064.414,353182677237.316,420568516143.545,243256567919.618,237810389607.955,136096761577.55,215391747469.442,148203949879.877,236046577873.629,304164445643.017,202203423877.644,164886647435.18
